ID,User name,Full name,Profile pic url
19115797312,prince_mahesh_hubballi,‡ºíP≈òI≈áƒÜ‚Ç¨MAHESH‡øá,https://instagram.flhe2-1.fna.fbcdn.net/v/t51.2885-19/s150x150/118832725_642425746699333_7773303969646975151_n.jpg?_nc_ht=instagram.flhe2-1.fna.fbcdn.net&_nc_ohc=y1Q5CqtuzTwAX-_mMLV&oh=d1dee49b18a75441d040ea3fed55b34e&oe=5FAC6EE0
34587172801,phoenixcentretv,Phoenix Hub,https://instagram.flhe2-1.fna.fbcdn.net/v/t51.2885-19/s150x150/116876791_2751325601858553_5933277739008211429_n.jpg?_nc_ht=instagram.flhe2-1.fna.fbcdn.net&_nc_ohc=EKr7o3LpufgAX-ekbYm&oh=a68cae906a456e7d5f131bd49cf165f6&oe=5FAE6F85
37585252747,_lit_memes_341,_Lit_memes,https://instagram.flhe2-1.fna.fbcdn.net/v/t51.2885-19/s150x150/120845036_2845719675753762_5338813758747292034_n.jpg?_nc_ht=instagram.flhe2-1.fna.fbcdn.net&_nc_ohc=MwzEABNQDO0AX9zXz4E&oh=69c4edfdc3d7165ef0a0f91b85c93596&oe=5FAC6AA4
7934984101,salmanmughal_138,Salman,https://instagram.flhe2-1.fna.fbcdn.net/v/t51.2885-19/s150x150/107146377_1130213647354051_1645887851221132243_n.jpg?_nc_ht=instagram.flhe2-1.fna.fbcdn.net&_nc_ohc=RSngbUSjM9YAX9K1OHH&oh=1087c2aba9ebaea07fd7eaff94378e25&oe=5FAD4702
3612864451,pakistanistylesetters,PakistaniStylesetters,https://instagram.flhe2-1.fna.fbcdn.net/v/t51.2885-19/s150x150/21980571_344606265966398_1343420436808990720_n.jpg?_nc_ht=instagram.flhe2-1.fna.fbcdn.net&_nc_ohc=iz8Ec_nGwbQAX9uK2AD&oh=8bce17da1da8466927d462f32786326d&oe=5FABD16F
28570845801,welcome_to_kpk,Welcome To Kp,https://instagram.flhe2-1.fna.fbcdn.net/v/t51.2885-19/s150x150/118403477_801338990639445_3317743797291015083_n.jpg?_nc_ht=instagram.flhe2-1.fna.fbcdn.net&_nc_ohc=SWq3LSQqcmUAX_w8Z_2&oh=dbfc12c4d1cda834f68a024e7cba6d2a&oe=5FAC5A0C
7074758890,peer_talha_shah,Talha Shah,https://instagram.flhe2-1.fna.fbcdn.net/v/t51.2885-19/s150x150/113765960_758547008255232_4199015870745058047_n.jpg?_nc_ht=instagram.flhe2-1.fna.fbcdn.net&_nc_ohc=VI-3ZFYyZCoAX-Nd8dw&oh=4ae95bc6c19626907ea13d625e5a06fe&oe=5FAB98AC
31490579251,creative_works55,Creative Works,https://instagram.flhe2-1.fna.fbcdn.net/v/t51.2885-19/s150x150/105976102_309379673797040_8682465702208543190_n.jpg?_nc_ht=instagram.flhe2-1.fna.fbcdn.net&_nc_ohc=KxRpGUQIDbkAX9sA-b4&oh=de5d796d8ebc87c618a4fa532974b4e2&oe=5FACCE38
38882641024,sz_shop110,SZ Gadgets üáµüá∞,https://instagram.flhe2-1.fna.fbcdn.net/v/t51.2885-19/s150x150/106222666_2505200316388053_6013459772452914576_n.jpg?_nc_ht=instagram.flhe2-1.fna.fbcdn.net&_nc_ohc=UnyL6Vy0BsEAX-P35Lx&oh=4d97844abf710fa870064a0504d75985&oe=5FADEB2E
6016942876,bmw_riders_isb,Vehicle Drift Riders(Brothers),https://instagram.flhe2-1.fna.fbcdn.net/v/t51.2885-19/s150x150/107865821_298477601350180_4318615262521650033_n.jpg?_nc_ht=instagram.flhe2-1.fna.fbcdn.net&_nc_ohc=tOezDZgA9OYAX9ktZlN&oh=8ce38eefacb16b7dd78b186047a7bcfb&oe=5FACB790
30646358915,socialite000,üí´,https://instagram.flhe2-1.fna.fbcdn.net/v/t51.2885-19/s150x150/106476826_310078020380607_4863566164899947470_n.jpg?_nc_ht=instagram.flhe2-1.fna.fbcdn.net&_nc_ohc=0qZOikpMXdMAX-49VwF&oh=570686f69ec46306b9f36800de83af94&oe=5FAD1B4F
6392118703,im_tayyab_jutt,Muhammad Tayyab,https://instagram.flhe2-1.fna.fbcdn.net/v/t51.2885-19/s150x150/121019536_115360067006892_1335320015473291649_n.jpg?_nc_ht=instagram.flhe2-1.fna.fbcdn.net&_nc_ohc=w3eyGG0MYCoAX8VwQJB&oh=0c8188b4adde5009d12d75c3ff3d717c&oe=5FABD9DE
16734026077,hs._.clothing,H&S CLOTHING,https://instagram.flhe2-1.fna.fbcdn.net/v/t51.2885-19/s150x150/106275303_2965436660172168_6178784810895246457_n.jpg?_nc_ht=instagram.flhe2-1.fna.fbcdn.net&_nc_ohc=a5upeGh5s34AX_U_xB_&oh=179fe04612f1fbf52fe9f517b620cf11&oe=5FACAF5C
37610841193,khan__sayss,Arbaz Tweets üëª,https://instagram.flhe2-1.fna.fbcdn.net/v/t51.2885-19/s150x150/109762829_599892653994511_3109386391715530970_n.jpg?_nc_ht=instagram.flhe2-1.fna.fbcdn.net&_nc_ohc=MSicfJzguysAX_iEqwn&oh=634f6af19e512a1002a506643221d42c&oe=5FAC849E
37333773323,gutari_trend,Needle mehndi,https://instagram.flhe2-1.fna.fbcdn.net/v/t51.2885-19/s150x150/106134330_293884875133134_6544592197088035880_n.jpg?_nc_ht=instagram.flhe2-1.fna.fbcdn.net&_nc_ohc=Ys6G3ygbG_sAX_R7P8_&oh=3adb71d9eb8e0c7418b68885555d01e7&oe=5FAE6D80
36893872686,legitsubscriptions,Netflix Subscriptions,https://instagram.flhe2-1.fna.fbcdn.net/v/t51.2885-19/s150x150/104031176_2862333453875236_2227380236256233014_n.jpg?_nc_ht=instagram.flhe2-1.fna.fbcdn.net&_nc_ohc=8PdIQdCUQ10AX9A7uZ-&oh=05cc884d7c46c4f2d7e2fc5a1e1428d1&oe=5FACE56A
7497351267,lashari5864,Imran Lashari,https://instagram.flhe2-1.fna.fbcdn.net/v/t51.2885-19/s150x150/31515832_1937476869915423_4162767992175722496_n.jpg?_nc_ht=instagram.flhe2-1.fna.fbcdn.net&_nc_ohc=hsLHMHm0OsIAX-cpuJ-&oh=b90f0ee0c4d577e0e8b5d50d2f752181&oe=5FAE70DA
3264701972,zubair.daar,zubair daar,https://instagram.flhe2-1.fna.fbcdn.net/v/t51.2885-19/s150x150/119434103_993682181104889_1217572431808201280_n.jpg?_nc_ht=instagram.flhe2-1.fna.fbcdn.net&_nc_ohc=86uG7xp5kh4AX8uKk7r&oh=2e17172b4c6b8a6aabe278744a176ae7&oe=5FAE3A70
1942302841,umer__says,üåüUmer Tweetsüåü,https://instagram.flhe2-1.fna.fbcdn.net/v/t51.2885-19/s150x150/105932180_264078791686998_6358791550175356320_n.jpg?_nc_ht=instagram.flhe2-1.fna.fbcdn.net&_nc_ohc=MRD-Ke4oWNEAX-H6rW6&oh=f106f0245a280f2660c45e4f156c8e63&oe=5FABC96F
14941789288,pak_army_007_,P√†K √ÉrMy‚ù§,https://instagram.flhe2-1.fna.fbcdn.net/v/t51.2885-19/s150x150/91389458_225683725210869_7302911001387597824_n.jpg?_nc_ht=instagram.flhe2-1.fna.fbcdn.net&_nc_ohc=vBv4Gw2suEkAX9FYUHM&oh=f028f13b4c8d199661a890a6305b0bf6&oe=5FAC0341
10692422267,marketlancing,Market Lancing,https://instagram.flhe2-1.fna.fbcdn.net/v/t51.2885-19/s150x150/50684141_2289329404685370_1207942045713301504_n.jpg?_nc_ht=instagram.flhe2-1.fna.fbcdn.net&_nc_ohc=3NScS2wU0YAAX8d33O1&oh=7cf8787eed40bcddd5901b0b7df83e25&oe=5FAE5C0E
8933981286,sajad____fathi,SAJAD FATHI,https://instagram.flhe2-1.fna.fbcdn.net/v/t51.2885-19/s150x150/120851069_119255789760405_3478954159430614171_n.jpg?_nc_ht=instagram.flhe2-1.fna.fbcdn.net&_nc_ohc=dr9ExG0va68AX-RE_0l&oh=ac9d7401f923907325643607e4bb2a3a&oe=5FADD66E
723254405,sara_hamond,Sara‚Äå,https://instagram.flhe2-1.fna.fbcdn.net/v/t51.2885-19/s150x150/107949553_320492085653898_3232482620586158600_n.jpg?_nc_ht=instagram.flhe2-1.fna.fbcdn.net&_nc_ohc=paeJDFg-e_wAX-VTvTf&oh=bae3f60cbe61ec461a655d4ce666fcd6&oe=5FAE172B
27495028282,chaplet_pk,Chaplet Pakistan,https://instagram.flhe2-1.fna.fbcdn.net/v/t51.2885-19/s150x150/83600139_201613901013147_3155792006022692864_n.jpg?_nc_ht=instagram.flhe2-1.fna.fbcdn.net&_nc_ohc=S_e4N2C2gQAAX-8VcMw&oh=c1b8710a90c2c2d8afef6d9e5510753a&oe=5FAB8B23
18275419732,hassam.zaheer,Hassam Zaheer,https://instagram.flhe2-1.fna.fbcdn.net/v/t51.2885-19/s150x150/67442720_2980180425342255_8896225812437532672_n.jpg?_nc_ht=instagram.flhe2-1.fna.fbcdn.net&_nc_ohc=BkPFK9Lk6QIAX_PEMec&oh=f521774a59e22de1a98dd04608478bf3&oe=5FACF727
19216775663,engr_husain,Mohsin,https://instagram.flhe2-1.fna.fbcdn.net/v/t51.2885-19/s150x150/90505195_211748070166498_4630029364187103232_n.jpg?_nc_ht=instagram.flhe2-1.fna.fbcdn.net&_nc_ohc=2ECBQBwE4VoAX8waeOO&oh=7b4bdb184a8f6f18f5bc1f562804b297&oe=5FACA4AF
24859293663,societysialkot,Gmcians-society üòà,https://instagram.flhe2-1.fna.fbcdn.net/v/t51.2885-19/s150x150/85143295_1322234617977252_4849003658978787328_n.jpg?_nc_ht=instagram.flhe2-1.fna.fbcdn.net&_nc_ohc=JzA_WwJLRukAX9F47hC&oh=6ae8ee5cd4815619c8f15286f8573453&oe=5FACC1F3
1587365778,husnain.akbar._,Hussnain Akbar,https://instagram.flhe2-1.fna.fbcdn.net/v/t51.2885-19/s150x150/33399778_239409763484731_323783505542643712_n.jpg?_nc_ht=instagram.flhe2-1.fna.fbcdn.net&_nc_ohc=jhfTyIlOw08AX_7kfkp&oh=7d607a28b72603f8d0902a3ff394f176&oe=5FAB20D2
2694750826,fitibrahimqaddus,Ibrahim Qaddus,https://instagram.flhe2-1.fna.fbcdn.net/v/t51.2885-19/s150x150/88378937_644718036073596_6244254197747810304_n.jpg?_nc_ht=instagram.flhe2-1.fna.fbcdn.net&_nc_ohc=GToB0oaOFpQAX8soaaX&oh=8214a3de5de491fd5f951b1b3bff784e&oe=5FABABC8
29150968499,maviadogar17,Mavia_Dogar,https://instagram.flhe2-1.fna.fbcdn.net/v/t51.2885-19/s150x150/83013673_200118444503223_621518837593931776_n.jpg?_nc_ht=instagram.flhe2-1.fna.fbcdn.net&_nc_ohc=Z9Wu-9nS0KoAX-CrCEw&oh=cf84708114f5517288c50e92135677cf&oe=5FAD37F4
9437516672,afzaal_malik_74,Malik Afzaal,https://instagram.flhe2-1.fna.fbcdn.net/v/t51.2885-19/s150x150/120199133_667218953969256_1383009751413854472_n.jpg?_nc_ht=instagram.flhe2-1.fna.fbcdn.net&_nc_ohc=yWDmVIUgFNcAX-pB_hd&oh=2a69af9606dd40899a15df1da8859415&oe=5FAB8BA9
5919562043,aneeqpasruri,‚Ç≠ úÕõ åw åj å ‚©ì…¥·¥á·¥áQ ·ïà ås Ä·¥úÕõ Ä·é•,https://instagram.flhe2-1.fna.fbcdn.net/v/t51.2885-19/s150x150/116635562_2670441079941262_7128907589478346362_n.jpg?_nc_ht=instagram.flhe2-1.fna.fbcdn.net&_nc_ohc=yN2jYrfRJbIAX8_D3wE&oh=f41d187927e9e9f3ce5abc7b44184e78&oe=5FABBD88
22643353904,hurmaniqbal,Hurman Iqbal,https://instagram.flhe2-1.fna.fbcdn.net/v/t51.2885-19/s150x150/118256273_2649845691921429_460126042662842918_n.jpg?_nc_ht=instagram.flhe2-1.fna.fbcdn.net&_nc_ohc=b9nTTXBsAVsAX_H3OdV&oh=0171dc13b6afae674c61a7e5f8434da6&oe=5FADFF29
5369947786,candykacrush,Candyüç¨ crush üòç,https://instagram.flhe2-1.fna.fbcdn.net/v/t51.2885-19/s150x150/79590866_794701154377297_4677320067967352832_n.jpg?_nc_ht=instagram.flhe2-1.fna.fbcdn.net&_nc_ohc=6ObbtpdPcWUAX-grZYI&oh=89c3395b84dbbadfbaedc18767878a01&oe=5FACF368
27298528499,hesam25003,h.e.s.a.m.95,https://instagram.flhe2-1.fna.fbcdn.net/v/t51.2885-19/s150x150/79776053_2613852298847911_1324098319542124544_n.jpg?_nc_ht=instagram.flhe2-1.fna.fbcdn.net&_nc_ohc=Av9w0vJL81EAX8wt1PW&oh=8c714042386ca6bb6f143cee18f67266&oe=5FAE4889
9206027376,buttfassi,Faisal Butt,https://instagram.flhe2-1.fna.fbcdn.net/v/t51.2885-19/s150x150/100967989_1707986052673283_3132781306417512448_n.jpg?_nc_ht=instagram.flhe2-1.fna.fbcdn.net&_nc_ohc=Ys4gf13v4ncAX-btBJ5&oh=7548ae10cbdf0a0bf950d9344057a367&oe=5FABA00A
26351300909,h.e.s.a.m95,h.e.s.a.m.95,https://instagram.flhe2-1.fna.fbcdn.net/v/t51.2885-19/s150x150/77114229_753710621705523_2908873318268403712_n.jpg?_nc_ht=instagram.flhe2-1.fna.fbcdn.net&_nc_ohc=0RYmykC2LD4AX-GPsna&oh=794f0f3f36b07da5a1becfae4935ef94&oe=5FABC027
7992267002,saed_jahanshahi,ÿ≥ÿßÿπÿØ ÿ¨ŸáÿßŸÜÿ¥ÿßŸá€å,https://instagram.flhe2-1.fna.fbcdn.net/v/t51.2885-19/s150x150/71283274_384967205525622_8511621884901588992_n.jpg?_nc_ht=instagram.flhe2-1.fna.fbcdn.net&_nc_ohc=e85NzkjC4IwAX9sPwGq&oh=5680eb56f1bbcaa07c835daeeb022195&oe=5FAB0D94
26024811518,mughal.asfan,Asfan Mughal,https://instagram.flhe2-1.fna.fbcdn.net/v/t51.2885-19/s150x150/90996526_2610329222585552_5712241799997685760_n.jpg?_nc_ht=instagram.flhe2-1.fna.fbcdn.net&_nc_ohc=_tQdEFzts9wAX_gRMhG&oh=1da48ca4820652ba46bb7f5afec315a5&oe=5FAC222F
2153425793,qabeel_irshad,Qabeel Ahsan,https://instagram.flhe2-1.fna.fbcdn.net/v/t51.2885-19/s150x150/91377248_637397406994178_7049538566925320192_n.jpg?_nc_ht=instagram.flhe2-1.fna.fbcdn.net&_nc_ohc=eXTUiHNYbxQAX_Wl84-&oh=e4763aeb2d7746ec25b623ab83cdbebd&oe=5FAAFAF4
3949132359,nasir.__.hussain,Nasir Hussain,https://instagram.flhe2-1.fna.fbcdn.net/v/t51.2885-19/s150x150/117596716_684956512232378_1313777777217333351_n.jpg?_nc_ht=instagram.flhe2-1.fna.fbcdn.net&_nc_ohc=aw6nTgrGcckAX_eB3-6&oh=53b4db9b8393b956f8d68306089ff9bf&oe=5FAB0B2F
7835573986,usamacheema579,Usama Cheema,https://instagram.flhe2-1.fna.fbcdn.net/v/t51.2885-19/s150x150/66026372_336375710572602_1629364816617406464_n.jpg?_nc_ht=instagram.flhe2-1.fna.fbcdn.net&_nc_ohc=fHddhNu0duwAX8hIGWn&oh=7ada2c28680247bcb9675299e0a02562&oe=5FADD845
5406507731,ansargohar,üÖêüÖùüÖ¢üÖêüÖ°üÖñüÖûüÖóüÖêüÖ°,https://instagram.flhe2-1.fna.fbcdn.net/v/t51.2885-19/s150x150/119239836_352812915841676_1425100007043167677_n.jpg?_nc_ht=instagram.flhe2-1.fna.fbcdn.net&_nc_ohc=Tyz_WfdsVuYAX9kZDlJ&oh=20bdb314ffd3c2c19a0799d2de688cbe&oe=5FACEF21
2872178140,_samar_azeem,Samar Azeem,https://instagram.flhe2-1.fna.fbcdn.net/v/t51.2885-19/s150x150/72272460_2413523082308207_1504943071500959744_n.jpg?_nc_ht=instagram.flhe2-1.fna.fbcdn.net&_nc_ohc=pcCc632UZSAAX-dGjv2&oh=4771ffe2227240381e9c6ab9eba0fb34&oe=5FACB362
3923685629,sheikh9125,Arslan Sheikh,https://instagram.flhe2-1.fna.fbcdn.net/v/t51.2885-19/s150x150/14295429_236146353453967_1230152675_a.jpg?_nc_ht=instagram.flhe2-1.fna.fbcdn.net&_nc_ohc=Ku1ud_Oiu3wAX_Qvlir&oh=98ad14bc5f28af9a3cf8890c16d875e8&oe=5FADF3BD
2335133150,zaghamarif,Zagham Arif,https://instagram.flhe2-1.fna.fbcdn.net/v/t51.2885-19/s150x150/80599587_575967493242640_2819986307197960192_n.jpg?_nc_ht=instagram.flhe2-1.fna.fbcdn.net&_nc_ohc=IQxdSqzuvxcAX-jEV6i&oh=260cfcc119fef127dc332f064fc47969&oe=5FAB0D1C
3002006714,msultanawazkhan,Muhammad Sultan Nawaz Khan,https://instagram.flhe2-1.fna.fbcdn.net/v/t51.2885-19/s150x150/61546227_369983123649949_622389062392610816_n.jpg?_nc_ht=instagram.flhe2-1.fna.fbcdn.net&_nc_ohc=F4lVVPQ2AIQAX8k5PbD&oh=390faca721587220f66de953ce194217&oe=5FAAA875
1901919721,ali_raza0801,Ali Raza,https://instagram.flhe2-1.fna.fbcdn.net/v/t51.2885-19/s150x150/82555622_255480042191508_6932217613929938944_n.jpg?_nc_ht=instagram.flhe2-1.fna.fbcdn.net&_nc_ohc=hdgLIoVFvP4AX_cgTIm&oh=9047f5914d56ce4c6a2252eb673d817b&oe=5FAACFD8
6252218246,ses_uog,Software Engineering Society,https://instagram.flhe2-1.fna.fbcdn.net/v/t51.2885-19/s150x150/22636923_1454624254644984_6077487747289841664_n.jpg?_nc_ht=instagram.flhe2-1.fna.fbcdn.net&_nc_ohc=29oTCcoN3OkAX9RiWov&oh=14cbeabdcb786867bd1f4e2cfde60196&oe=5FAD1D5F
5820419893,asad_b2o,Asad Nawaz,https://instagram.flhe2-1.fna.fbcdn.net/v/t51.2885-19/s150x150/58410447_640148426410460_3161484920749031424_n.jpg?_nc_ht=instagram.flhe2-1.fna.fbcdn.net&_nc_ohc=rNFDN-qIBMMAX_h8qaW&oh=d88921230d89907124ba89bdd944f88c&oe=5FAC3873
5339039254,umair603,UMAIR BAJWA,https://instagram.flhe2-1.fna.fbcdn.net/v/t51.2885-19/s150x150/82007207_936547833409697_7120911882478682112_n.jpg?_nc_ht=instagram.flhe2-1.fna.fbcdn.net&_nc_ohc=aTWSIriFNwQAX8fbrkJ&oh=f30dace36a843f15facedc60c236af0c&oe=5FAAA444
2136412963,mr_mughal07,Tamoor mughal,https://instagram.flhe2-1.fna.fbcdn.net/v/t51.2885-19/s150x150/120975265_1708207452690210_4832364977464196636_n.jpg?_nc_ht=instagram.flhe2-1.fna.fbcdn.net&_nc_ohc=y-fcRQ9mjx4AX-9Dhnx&oh=c9b684a5c3d7512be7d205df9ae091c2&oe=5FAC1AE1
9379691241,78.906126,Eman dorri,https://instagram.flhe2-1.fna.fbcdn.net/v/t51.2885-19/s150x150/66719237_852638068447593_8299486599679311872_n.jpg?_nc_ht=instagram.flhe2-1.fna.fbcdn.net&_nc_ohc=gnXqYGUgZaAAX-LMMZr&oh=dc783a2de84deda87d1e10100b694a13&oe=5FAB219C
4016648000,mianhamzamustafa,Mian Hamza Mustafa,https://instagram.flhe2-1.fna.fbcdn.net/v/t51.2885-19/s150x150/120370513_423726575696003_4753401217404335611_n.jpg?_nc_ht=instagram.flhe2-1.fna.fbcdn.net&_nc_ohc=N7jTt-vjr-4AX_Fd601&oh=83494162526bde6d5c4734041f6818fc&oe=5FAE6943
21398053254,dogar.mavia,Mavia Dogar,https://instagram.flhe2-1.fna.fbcdn.net/v/t51.2885-19/s150x150/69509848_765327190572511_2600198154758389760_n.jpg?_nc_ht=instagram.flhe2-1.fna.fbcdn.net&_nc_ohc=ICS-03_jsFYAX_UIZ8v&oh=0b6414cd2a3262c9b9f8cb63c42c5402&oe=5FAE20D6
3206037035,ahmadi1849,Reza Ahmadi,https://instagram.flhe2-1.fna.fbcdn.net/v/t51.2885-19/s150x150/84569573_1086101851728961_4705896684410896384_n.jpg?_nc_ht=instagram.flhe2-1.fna.fbcdn.net&_nc_ohc=9bfKxbT62OQAX9yK2Oj&oh=b6989c38fdfd7a40204386890b49b496&oe=5FAC27EB
19933780438,saeed.barkzai7171,saeed71,https://instagram.flhe2-1.fna.fbcdn.net/v/t51.2885-19/s150x150/92339042_1768151379988470_7918814182126911488_n.jpg?_nc_ht=instagram.flhe2-1.fna.fbcdn.net&_nc_ohc=x9sQujE3ASUAX81lj7Y&oh=7c91966ec318f20b4d6c75e9a65bec18&oe=5FAC67CE
19075415740,darya.mohammadiy,darya,https://instagram.flhe2-1.fna.fbcdn.net/v/t51.2885-19/s150x150/67648700_372789556748415_2445320723531563008_n.jpg?_nc_ht=instagram.flhe2-1.fna.fbcdn.net&_nc_ohc=af2ePSbcz9gAX87WX8b&oh=d0f25476bbdbc4a82ac0fd8800d7ed7b&oe=5FADEF0E
12886102552,mansourrigi8,M_Rigi_8‚Äå,https://instagram.flhe2-1.fna.fbcdn.net/v/t51.2885-19/s150x150/60234441_341727599817312_7510803318482927616_n.jpg?_nc_ht=instagram.flhe2-1.fna.fbcdn.net&_nc_ohc=JwlgBfz5614AX_1GBT8&oh=8e72f2054c114d8755c61e41706183b7&oe=5FABB3F4
3848232575,hoo.raam,ŸáŸà ÿ±ÿßŸÖ,https://instagram.flhe2-1.fna.fbcdn.net/v/t51.2885-19/s150x150/57577132_2016134962022167_458483158938025984_n.jpg?_nc_ht=instagram.flhe2-1.fna.fbcdn.net&_nc_ohc=TdXG6XzRRuMAX8qqeMY&oh=a6c8efbf53b69f5e8d9f57d4947d4da9&oe=5FAC4A4C
17380469277,be_heve_nabm_,ŸÇÿ±ÿ®ÿßŸÜ ÿ™Ÿá ÿ®ŸÖ ÿØÿßÿØÿ¶ ÿ®ÿßÿ®Ÿàüò≠ü§≤ü§≤ü§≤,https://instagram.flhe2-1.fna.fbcdn.net/v/t51.2885-19/s150x150/81803454_172950193945565_3706030088903458816_n.jpg?_nc_ht=instagram.flhe2-1.fna.fbcdn.net&_nc_ohc=G7UE3PRidOUAX8KlDIW&oh=8d4d285a4e72eeaa0c38b8a7a5f25050&oe=5FAB4CD8
18080854355,faybrglas_mosa,ŸÖŸàÿ≥€å ÿÆÿßŸÑŸÜÿØŸæŸàÿ±,https://instagram.flhe2-1.fna.fbcdn.net/v/t51.2885-19/s150x150/69011082_1335584173275054_4989320691510673408_n.jpg?_nc_ht=instagram.flhe2-1.fna.fbcdn.net&_nc_ohc=z5v8iBL2yJcAX-BuePB&oh=07001015f8815f3e09b3ca0eb443f7b3&oe=5FAC3A62
1234548133,brig_shaw,Syed Wajeeh Jaffery,https://instagram.flhe2-1.fna.fbcdn.net/v/t51.2885-19/s150x150/89809171_207359753686875_8595936894695505920_n.jpg?_nc_ht=instagram.flhe2-1.fna.fbcdn.net&_nc_ohc=I2Iw85gTYdwAX90WNC4&oh=a1bd1057eea9a8cd60dc6b696c254087&oe=5FAC366F
2360237930,qasimsheikh1,Qasim Sheikh,https://instagram.flhe2-1.fna.fbcdn.net/v/t51.2885-19/s150x150/13102438_104092453335983_1780681062_a.jpg?_nc_ht=instagram.flhe2-1.fna.fbcdn.net&_nc_ohc=ivLm3xJeXc0AX-VssJC&oh=b2c7da0b97c76794205f9a00e1dbe107&oe=5FAD12D1
17792919357,olympiaplaisance,Olympia Plaisance,https://instagram.flhe2-1.fna.fbcdn.net/v/t51.2885-19/s150x150/66125534_2832677556745801_8355700776621834240_n.jpg?_nc_ht=instagram.flhe2-1.fna.fbcdn.net&_nc_ohc=YAhKgQgHHsMAX9HUMsY&oh=1b435e9b8f85bf331a071778f7fe64a2&oe=5FAC9A33
19817316378,primeproduction64,Prime Production,https://instagram.flhe2-1.fna.fbcdn.net/v/t51.2885-19/s150x150/69577158_2559005871035817_9167176616034435072_n.jpg?_nc_ht=instagram.flhe2-1.fna.fbcdn.net&_nc_ohc=ecOOWV5VbHcAX9qPlGI&oh=25dcd1695c963624794f5fef572d53eb&oe=5FABC99B
16961097608,leuschkef00pa467,Jennifer Leuschke,https://instagram.flhe2-1.fna.fbcdn.net/v/t51.2885-19/s150x150/66247717_312766402807118_8028138816550207488_n.jpg?_nc_ht=instagram.flhe2-1.fna.fbcdn.net&_nc_ohc=V-_m4x16PLEAX__J_Tu&oh=cc60ccb09e2469563a9afe471d46c6e3&oe=5FACE13E
8340119341,rockstar_varun_111,VARUN PANDIT,https://instagram.flhe2-1.fna.fbcdn.net/v/t51.2885-19/s150x150/69867009_542319826612324_30872667305279488_n.jpg?_nc_ht=instagram.flhe2-1.fna.fbcdn.net&_nc_ohc=wt8VScKDzw8AX-ebeIQ&oh=4efec7463f6218b84220593f03ccc078&oe=5FAD23B2
17443717008,ahmad._.s4,ahmad.s.f.r,https://instagram.flhe2-1.fna.fbcdn.net/v/t51.2885-19/s150x150/98458364_558600544843407_6216355503237234688_n.jpg?_nc_ht=instagram.flhe2-1.fna.fbcdn.net&_nc_ohc=WWB5lPbyZ7cAX8NIs4Z&oh=c0d16d874bc9b5a459c5b6bc2be88576&oe=5FAC4B53
702287693,malikashaw,Malika  Shaw,https://instagram.flhe2-1.fna.fbcdn.net/v/t51.2885-19/s150x150/15801888_224685681274312_7538631730148671488_a.jpg?_nc_ht=instagram.flhe2-1.fna.fbcdn.net&_nc_ohc=oWN6hSoOgtEAX9xOHFP&oh=9c29d6c04b1e76ec2de26f865fe5c97a&oe=5FABA47B
15726339157,fatemezahra_hosseini,salon zibaei manoto khanom gol,https://instagram.flhe2-1.fna.fbcdn.net/v/t51.2885-19/s150x150/61599343_2389723774604544_8845607922047123456_n.jpg?_nc_ht=instagram.flhe2-1.fna.fbcdn.net&_nc_ohc=HSxufokbSQMAX-kGby9&oh=1864ee77bf1da76729bb160e88c413b1&oe=5FAE15DE
14216568249,yser9466,,https://instagram.flhe2-1.fna.fbcdn.net/v/t51.2885-19/s150x150/60186226_309132506655781_8316544105245048832_n.jpg?_nc_ht=instagram.flhe2-1.fna.fbcdn.net&_nc_ohc=YJtTGM6tlHMAX-YEEIz&oh=a7d8c665559250d9fdaac7b47e710e96&oe=5FAD465A
18250639945,belal__4t79,ÿØÿÆÿ±ÿßŸàŸá,https://scontent-nrt1-1.cdninstagram.com/v/t51.2885-19/44884218_345707102882519_2446069589734326272_n.jpg?_nc_ht=scontent-nrt1-1.cdninstagram.com&_nc_ohc=Ozbg7VUJ-mkAX_wTs96&oh=83d95f9ced6192005795f7f0c6d15520&oe=5FADEC0F&ig_cache_key=YW5vbnltb3VzX3Byb2ZpbGVfcGlj.2
16418684559,h.e.s.a.m.95,h.e.s.a.m.95,https://instagram.flhe2-1.fna.fbcdn.net/v/t51.2885-19/s150x150/65565158_589554318542271_6254577327737405440_n.jpg?_nc_ht=instagram.flhe2-1.fna.fbcdn.net&_nc_ohc=R-k5QjBcq8QAX_vvs81&oh=7c09663e0ca10aa9b5c7cb9208fb787d&oe=5FAAC8E6
18172896464,sami.ho3ein.z,sami,https://instagram.flhe2-1.fna.fbcdn.net/v/t51.2885-19/s150x150/67897327_1399282290210673_3611360613038555136_n.jpg?_nc_ht=instagram.flhe2-1.fna.fbcdn.net&_nc_ohc=fnWWgGgOciEAX-xAwdg&oh=a16ba664f1825c8d1715fbead876deca&oe=5FAD8C9E
3112213541,afshinjahanshahi73,Afshin,https://instagram.flhe2-1.fna.fbcdn.net/v/t51.2885-19/s150x150/119438627_118724369786784_7762861077345879590_n.jpg?_nc_ht=instagram.flhe2-1.fna.fbcdn.net&_nc_ohc=OA5uAlvZnEgAX8anNiH&oh=0ec95cc863d86c99fd4c9069a19522a4&oe=5FAC6F6C
4365769904,rehaan_gujjar,Rehan Younis,https://instagram.flhe2-1.fna.fbcdn.net/v/t51.2885-19/s150x150/120539367_1185364605176551_1734444386838581272_n.jpg?_nc_ht=instagram.flhe2-1.fna.fbcdn.net&_nc_ohc=1oFZ3zX1vdIAX-jZod8&oh=48ea63e25279c2432688ead865860d85&oe=5FADF620
17899957615,fatah.jali,fatah.jalilzadeh,https://instagram.flhe2-1.fna.fbcdn.net/v/t51.2885-19/s150x150/69264969_2123186674644633_6052343106068545536_n.jpg?_nc_ht=instagram.flhe2-1.fna.fbcdn.net&_nc_ohc=hPtHhTTELvEAX-1_8mc&oh=52ed502fc086f76048a7c1ff473a4076&oe=5FAE0EAC
12484505408,faraji3456,faraji,https://scontent-nrt1-1.cdninstagram.com/v/t51.2885-19/44884218_345707102882519_2446069589734326272_n.jpg?_nc_ht=scontent-nrt1-1.cdninstagram.com&_nc_ohc=Ozbg7VUJ-mkAX_wTs96&oh=83d95f9ced6192005795f7f0c6d15520&oe=5FADEC0F&ig_cache_key=YW5vbnltb3VzX3Byb2ZpbGVfcGlj.2
1578013819,choudhry.hamza.10,ŸÖÿ≠ŸÖÿØ ÿßŸÖŸäÿ± ÿ≠ŸÖÿ≤Ÿá,https://instagram.flhe2-1.fna.fbcdn.net/v/t51.2885-19/s150x150/90062352_214605749910095_6867545714373689344_n.jpg?_nc_ht=instagram.flhe2-1.fna.fbcdn.net&_nc_ohc=f4pl8MffPRsAX-euUtZ&oh=71613328f16cf78a3f5f30788c226810&oe=5FAC1D84
18131157890,samir_elesgerli88,samir_ cavadov88,https://instagram.flhe2-1.fna.fbcdn.net/v/t51.2885-19/s150x150/67744661_667191403785115_7777163454875435008_n.jpg?_nc_ht=instagram.flhe2-1.fna.fbcdn.net&_nc_ohc=ZP9-tEqx8R4AX8204hJ&oh=e0be4ccae1921e01c0aa620f19f9e404&oe=5FACFFBE
9944894785,hashmatmaleki,Hashmat maleki,https://instagram.flhe2-1.fna.fbcdn.net/v/t51.2885-19/s150x150/66700372_971936996470774_9110848197256806400_n.jpg?_nc_ht=instagram.flhe2-1.fna.fbcdn.net&_nc_ohc=25Xu2bOiFwYAX9F1Ze6&oh=141425b75af63a5f9b0876bf58692620&oe=5FAC7B44
2894567740,mustafaraaj81,Mr. Gm Raaj,https://instagram.flhe2-1.fna.fbcdn.net/v/t51.2885-19/s150x150/110038171_989372191513524_7058030005104418171_n.jpg?_nc_ht=instagram.flhe2-1.fna.fbcdn.net&_nc_ohc=KG4DwaTYNKkAX-nR1Tz&oh=5562999d6a67678deda539477e51ab4a&oe=5FAE30E5
19618586786,sodifb,sodifbaloch,https://instagram.flhe2-1.fna.fbcdn.net/v/t51.2885-19/s150x150/68835799_1357444007748469_2550128461108740096_n.jpg?_nc_ht=instagram.flhe2-1.fna.fbcdn.net&_nc_ohc=rPUDDO6SL3YAX_PXmhG&oh=adc1c80fcc3d33c507dcf8c8c0485e8a&oe=5FAE4903
14552742598,amazing__pets__planet,Vance Norris,https://instagram.flhe2-1.fna.fbcdn.net/v/t51.2885-19/s150x150/65569953_1253580261475719_5978082069253718016_n.jpg?_nc_ht=instagram.flhe2-1.fna.fbcdn.net&_nc_ohc=Yzj2CbyE8IEAX9QtToe&oh=9b39c7bed6e4871673ebfdee179ddd75&oe=5FABB838
